{
  "a-share-analysis": {
    "first_used": 1783642942.2548418,
    "use_count": 1080,
    "last_used": 1784052319.7549503,
    "last_action": "matched"
  },
  "stock-partner-team": {
    "first_used": 1783642942.2548418,
    "use_count": 72,
    "last_used": 1783705151.7634587,
    "last_action": "matched"
  },
  "investment-masters-team": {
    "first_used": 1783642942.2548418,
    "use_count": 995,
    "last_used": 1784052319.7624593,
    "last_action": "matched"
  },
  "trading-agent": {
    "first_used": 1783642948.4655745,
    "use_count": 774,
    "last_used": 1784052319.7549503,
    "last_action": "matched"
  },
  "ai-content-creator-team": {
    "first_used": 1783642948.4655745,
    "use_count": 6,
    "last_used": 1783650676.3179836,
    "last_action": "matched"
  },
  "engineering-engineering-section-508-specialist": {
    "first_used": 1783671578.323463,
    "use_count": 31,
    "last_used": 1783705151.7654586,
    "last_action": "matched"
  },
  "academic-academic-anthropologist": {
    "first_used": 1783683544.306723,
    "use_count": 201,
    "last_used": 1783700448.5710077,
    "last_action": "matched"
  },
  "academic-academic-geographer": {
    "first_used": 1783683544.306723,
    "use_count": 201,
    "last_used": 1783700448.5720077,
    "last_action": "matched"
  },
  "academic-academic-historian": {
    "first_used": 1783683544.3077924,
    "use_count": 199,
    "last_used": 1783700448.5730083,
    "last_action": "matched"
  },
  "academic-academic-narratologist": {
    "first_used": 1783683544.3077924,
    "use_count": 199,
    "last_used": 1783700448.5740075,
    "last_action": "matched"
  },
  "finance-finance-investment-researcher": {
    "first_used": 1783683596.8591163,
    "use_count": 1,
    "last_used": 1783683596.8591163,
    "last_action": "matched"
  },
  "engineering-assurance-team": {
    "first_used": 1783684419.3746288,
    "use_count": 1,
    "last_used": 1783684419.3746288,
    "last_action": "matched"
  },
  "gstack": {
    "first_used": 1783684419.3746288,
    "use_count": 1,
    "last_used": 1783684419.3746288,
    "last_action": "matched"
  },
  "rum-fullstack-team": {
    "first_used": 1783684419.3746288,
    "use_count": 14,
    "last_used": 1783699746.5559027,
    "last_action": "matched"
  },
  "design-design-brand-guardian": {
    "first_used": 1783684419.3761647,
    "use_count": 1,
    "last_used": 1783684419.3761647,
    "last_action": "matched"
  },
  "engineering-engineering-ai-engineer": {
    "first_used": 1783684419.3761647,
    "use_count": 1,
    "last_used": 1783684419.3761647,
    "last_action": "matched"
  },
  "ai-data-copilot": {
    "first_used": 1783684419.4548059,
    "use_count": 17,
    "last_used": 1783699576.0259786,
    "last_action": "matched"
  },
  "content-monetization-team": {
    "first_used": 1783684419.4548059,
    "use_count": 1,
    "last_used": 1783684419.4548059,
    "last_action": "matched"
  },
  "huashu-data-pro": {
    "first_used": 1783684419.4558048,
    "use_count": 17,
    "last_used": 1783699576.0290346,
    "last_action": "matched"
  },
  "marketing-campaign-team": {
    "first_used": 1783684419.4558048,
    "use_count": 1,
    "last_used": 1783684419.4558048,
    "last_action": "matched"
  },
  "seo-content-team": {
    "first_used": 1783684419.4568233,
    "use_count": 1,
    "last_used": 1783684419.4568233,
    "last_action": "matched"
  },
  "tencent-ecosystem": {
    "first_used": 1783684419.4648345,
    "use_count": 13,
    "last_used": 1783699746.5529044,
    "last_action": "matched"
  },
  "engineering-engineering-backend-architect": {
    "first_used": 1783684419.4658334,
    "use_count": 1,
    "last_used": 1783684419.4658334,
    "last_action": "matched"
  },
  "engineering-engineering-data-engineer": {
    "first_used": 1783684419.4658334,
    "use_count": 1,
    "last_used": 1783684419.4658334,
    "last_action": "matched"
  },
  "engineering-engineering-devops-automator": {
    "first_used": 1783684419.4668345,
    "use_count": 1,
    "last_used": 1783684419.4668345,
    "last_action": "matched"
  },
  "game-development": {
    "first_used": 1783684479.9904084,
    "use_count": 12,
    "last_used": 1783699746.5337477,
    "last_action": "matched"
  },
  "game-development-game-audio-engineer": {
    "first_used": 1783684479.9904084,
    "use_count": 12,
    "last_used": 1783699746.535747,
    "last_action": "matched"
  },
  "game-development-game-designer": {
    "first_used": 1783684479.9914072,
    "use_count": 12,
    "last_used": 1783699746.535747,
    "last_action": "matched"
  },
  "game-development-godot-multiplayer-engineer": {
    "first_used": 1783684479.9914072,
    "use_count": 12,
    "last_used": 1783699746.5377617,
    "last_action": "matched"
  },
  "game-development-level-designer": {
    "first_used": 1783684479.9924328,
    "use_count": 12,
    "last_used": 1783699746.5387666,
    "last_action": "matched"
  },
  "industry-consulting": {
    "first_used": 1783684479.9944074,
    "use_count": 12,
    "last_used": 1783699746.541767,
    "last_action": "matched"
  },
  "strategy-agent-activation-prompts": {
    "first_used": 1783684479.995409,
    "use_count": 12,
    "last_used": 1783699746.5432756,
    "last_action": "matched"
  },
  "strategy-executive-brief": {
    "first_used": 1783684479.995409,
    "use_count": 12,
    "last_used": 1783699746.545308,
    "last_action": "matched"
  },
  "strategy-handoff-templates": {
    "first_used": 1783684479.9964366,
    "use_count": 12,
    "last_used": 1783699746.5463011,
    "last_action": "matched"
  },
  "strategy-nexus-strategy": {
    "first_used": 1783684479.9964366,
    "use_count": 12,
    "last_used": 1783699746.547819,
    "last_action": "matched"
  },
  "integrations-backend-architect-with-memory": {
    "first_used": 1783684480.0004096,
    "use_count": 12,
    "last_used": 1783699746.5539033,
    "last_action": "matched"
  },
  "gpt-researcher-team": {
    "first_used": 1783685451.3848925,
    "use_count": 16,
    "last_used": 1783699576.0269783,
    "last_action": "matched"
  },
  "finance-finance-bookkeeper-controller": {
    "first_used": 1783685451.385893,
    "use_count": 16,
    "last_used": 1783699576.030034,
    "last_action": "matched"
  },
  "finance-finance-financial-analyst": {
    "first_used": 1783685451.386892,
    "use_count": 16,
    "last_used": 1783699576.0310345,
    "last_action": "matched"
  },
  "content-creator-team": {
    "first_used": 1783706129.4391308,
    "use_count": 299,
    "last_used": 1784052319.7564547,
    "last_action": "matched"
  }
}